,Bacc,Bacc_std,ck,ck_std,acc,acc_std,fit_time
BinaryEncoder,0.7870175438596492,0.015878631683386882,0.6081218889707656,0.027708700866987044,0.8652000000000001,0.008352245207128448,0.6592172622680664
CatBoostEncoder,0.787203947368421,0.017064169176689323,0.5957277849119509,0.029354820912495017,0.8579000000000001,0.009883825170448949,0.5347153902053833
SmoothedTargetEncoder,0.5551206140350877,0.008198800070697,0.144700188292398,0.022002712754107756,0.7621,0.008348053665376146,2.1485310077667235
TargetEncoder,0.5533333333333333,0.008659809774164506,0.13993744593021323,0.022488978735078075,0.7609,0.007231182475916376,0.2791187047958374
