,Bacc,Bacc_std,ck,ck_std,acc,acc_std,fit_time
BinaryEncoder,0.5014565174158461,0.002987141358625531,0.005221078180084514,0.010775514204539746,0.9274000000000002,0.001280624847486571,1.2059993267059326
CatBoostEncoder,0.5024584122275483,0.00751558216953318,0.008093494109895566,0.024897307521902695,0.9269000000000001,0.0014456832294800974,1.413474202156067
SmoothedTargetEncoder,0.5003118826530402,0.0031289867171715607,0.0011785412468077986,0.011303130344327084,0.9265000000000001,0.0013601470508735455,14.881568336486817
TargetEncoder,0.5003656459691754,0.003062289791204931,0.0013492471214150805,0.011082567448389188,0.9266000000000002,0.0011135528725660054,0.8228736400604248
