,Bacc,Bacc_std,ck,ck_std,acc,acc_std,fit_time
BinaryEncoder(),0.5036848014321016,0.0032483264017827253,0.013387600894719628,0.011821910327127058,0.9254,0.0008000000000000007,0.8451081037521362
CatBoostEncoder(),0.5027572821201332,0.008623082632102926,0.007641364573018482,0.02492195309238945,0.9214,0.006437390775772439,0.749038553237915
LeaveOneOutEncoder(),0.503117934349036,0.005711531409828554,0.01082203077893237,0.020021411221247225,0.9232000000000001,0.0019899748742132416,0.7009007453918457
SmoothedTargetEncoder(),0.5021354270036775,0.00462179168100919,0.007731266473608937,0.016719504153911772,0.9248000000000001,0.0013266499161421613,1.6779471158981323
TargetEncoder(),0.502027260521861,0.0028258449862384074,0.00722242864026065,0.01010468484681043,0.9246000000000001,0.0008000000000000007,0.5999763965606689
OOFTE(),0.5006848598058102,0.00277116237578588,0.0024820923279726755,0.010043652503969502,0.9244,0.001280624847486571,1.796181583404541
