,Bacc,Bacc_std,ck,ck_std,acc,acc_std,fit_time
BinaryEncoder,0.5023914187807377,0.004169359092560539,0.008215665467126033,0.014400053256099154,0.884962696477292,0.0018161627021626246,1.0424453020095825
CatBoostEncoder,0.5108578282865102,0.011534248589106174,0.03617558864916867,0.038596695082463515,0.8849630988885402,0.0034750812527529805,1.0092665672302246
SmoothedTargetEncoder,0.5021338731173981,0.013472456700076324,0.007471897456369089,0.04327287514887004,0.8709096908676791,0.008517770896605477,2.2399926662445067
TargetEncoder,0.5003805132039321,0.011213102851548081,0.001901718971713133,0.0349248965386978,0.8705092916757209,0.008021147246652016,0.30813891887664796
