,Bacc,Bacc_std,ck,ck_std,acc,acc_std,fit_time
BinaryEncoder,0.5101194548426508,0.006757650359203302,0.03152697759432487,0.021023599328037736,0.8138,0.004422668877499152,2.0072038173675537
CatBoostEncoder,0.5174186864523616,0.009855851781563974,0.05223461009400102,0.02936371125402901,0.8119,0.004678675026115795,1.4248085975646974
SmoothedTargetEncoder,0.521016918928084,0.011406151283142403,0.05191252683260814,0.027841572647313666,0.7722,0.007386474125047761,5.748926854133606
TargetEncoder,0.521440742996508,0.012263192130829003,0.052755940469830134,0.029559497737945424,0.7722,0.0069253158772723195,0.5211243391036987
