,Bacc,Bacc_std,ck,ck_std,acc,acc_std,fit_time
BinaryEncoder(),0.5016960536594599,0.004622577223478923,0.006071601527350581,0.016428753775654746,0.9253000000000002,0.0017916472867168932,0.6795293092727661
CatBoostEncoder(),0.5209291399015804,0.021271205409663096,0.05889151293719417,0.05029371501739326,0.9189999999999999,0.007469939758793246,0.6439405918121338
LeaveOneOutEncoder(),0.5087688166091416,0.01040442247295159,0.02723365241557992,0.03220504197497784,0.9198000000000001,0.004664761515876245,0.7095566034317017
SmoothedTargetEncoder(),0.5029581000557696,0.004685031360158495,0.010599444897660003,0.016706452773710898,0.9253,0.00200249843945008,0.9994090795516968
TargetEncoder(),0.5047246375033116,0.006347771734471557,0.016590937700265963,0.02229460541350161,0.9250999999999999,0.001513274595042157,0.4274918556213379
OOFTE(),0.5051746486262846,0.00559799408413331,0.018413306705265378,0.020002083527359667,0.9259000000000001,0.0016401219466856739,1.2960380554199218
