,Bacc,Bacc_std,ck,ck_std,acc,acc_std,fit_time
BinaryEncoder,0.5015409359521831,0.003198280444542823,0.005561855599769366,0.011579485093212818,0.9286000000000001,0.0011135528725660054,0.7939403057098389
CatBoostEncoder,0.49956977672835867,0.000526795664327282,-0.0015618755416405704,0.0018986026751945586,0.9286000000000001,0.0008000000000000007,0.6978987693786621
SmoothedTargetEncoder,0.49990275425717723,0.004318952002550823,-0.0004341328072963244,0.01424100060270441,0.9206999999999999,0.0021470910553583905,1.497866439819336
TargetEncoder,0.49974129031745707,0.004382883377099377,-0.0009587203082052093,0.014433872242839544,0.9204000000000001,0.0020099751242241798,0.383232569694519
