,Bacc,Bacc_std,ck,ck_std,acc,acc_std,fit_time
BinaryEncoder,0.595063158388881,0.016574458969146666,0.27762116392643604,0.04202964788361192,0.946,0.004123105625617638,0.44537622928619386
CatBoostEncoder,0.5820078725572567,0.02668989369231554,0.2418807520583064,0.07512950822322083,0.9440999999999999,0.005699999999999967,0.4647293329238892
SmoothedTargetEncoder,0.5642869051763142,0.01772767645986164,0.20136653498025653,0.054652816799062094,0.9442999999999999,0.004290687590584972,1.139853286743164
TargetEncoder,0.5581224658322431,0.02352149938379656,0.18142912262589989,0.0692802276885852,0.9433,0.00412431812546024,0.3279891014099121
