,Bacc,Bacc_std,ck,ck_std,acc,acc_std,fit_time
BinaryEncoder,0.7049490084685288,0.015449060518303874,0.4382137235831431,0.03464611975960069,0.7949776353965183,0.013841224909586017,0.8056916952133178
CatBoostEncoder,0.699931133180356,0.020893000851018265,0.42693869051173017,0.037365227728312564,0.7911409977433914,0.012520858372107764,1.0215781927108765
SmoothedTargetEncoder,0.7042340703943918,0.013999347586783244,0.43427814652812247,0.03071852141759298,0.7924186009026435,0.012704994662064777,3.047996759414673
TargetEncoder,0.7057878388210659,0.016239309984090126,0.437593091667775,0.03499878206443475,0.7936978159252096,0.013519231179592988,0.3228908538818359
