,Bacc,Bacc_std,ck,ck_std,acc,acc_std,fit_time
BinaryEncoder,0.6171986559092454,0.01913001296652435,0.29658952783865533,0.04248344396253917,0.7960999999999999,0.0095963534741067,0.6745150327682495
CatBoostEncoder,0.6167210830773499,0.019566276756884778,0.29539454874781945,0.04351230239523183,0.7958,0.009775479527879936,0.5230894804000854
LeaveOneOutEncoder,0.616581371958628,0.019686342990473078,0.2951375162680697,0.043807423478395544,0.7958,0.009856977224281272,0.4248250246047974
WOEEncoder,0.6177346682168707,0.019133371684046472,0.2981639155201704,0.04256141162259844,0.7967,0.00963379468330106,0.5039651393890381
TargetEncoder,0.555308335184771,0.009528677837510144,0.14394543905154414,0.02316619102238177,0.7584,0.0053888774341229965,0.2430406093597412
