,Bacc,Bacc_std,ck,ck_std,acc,acc_std,fit_time
BinaryEncoder,0.5,0.0,0.0,0.0,0.9280000000000002,1.1102230246251565e-16,0.9297890663146973
CatBoostEncoder,0.5,0.0,0.0,0.0,0.9280000000000002,1.1102230246251565e-16,0.5049498319625855
LeaveOneOutEncoder,0.5,0.0,0.0,0.0,0.9280000000000002,1.1102230246251565e-16,0.4426917314529419
WOEEncoder,0.5,0.0,0.0,0.0,0.9280000000000002,1.1102230246251565e-16,0.6088326215744019
TargetEncoder,0.5040948275862067,0.008440081391098975,0.012574720649700577,0.025858200107532422,0.9142000000000001,0.003762977544445359,1.0194453239440917
