,Bacc,Bacc_std,ck,ck_std,acc,acc_std,fit_time
BinaryEncoder,0.5010896586012595,0.005256792072573137,0.0036645437600164622,0.017891299246870756,0.8834411923115763,0.0022982862222441234,1.0609423398971558
CatBoostEncoder,0.5,0.0,0.0,0.0,0.8842608644427239,0.000920174160619488,0.6270120143890381
LeaveOneOutEncoder,0.5,0.0,0.0,0.0,0.8842608644427239,0.000920174160619488,0.5162198066711425
WOEEncoder,0.5142522332310568,0.012490796077710836,0.039073115863072536,0.03387738989797465,0.8590222843100953,0.007622010876666787,0.6078511238098144
TargetEncoder,0.4944339824565461,0.010377558644013818,-0.014974388006549353,0.026436836545554114,0.8403490759753595,0.007575696515739362,0.13991162776947022
