,Bacc,Bacc_std,ck,ck_std,acc,acc_std,fit_time
BinaryEncoder,0.5079872361972105,0.0051553843451191276,0.02516470503752181,0.016089124781470412,0.8137000000000001,0.0027946377224963796,2.2189272165298464
CatBoostEncoder,0.5002074675110496,0.0008468895877042885,0.0006730023223313556,0.002748425223580724,0.8145999999999999,0.000489897948556636,1.3443910360336304
LeaveOneOutEncoder,0.5026235572059835,0.003638604770271156,0.008456116765360197,0.011704376318454461,0.8148,0.0019390719429665173,1.1969748973846435
WOEEncoder,0.5408598220046864,0.007552807184617227,0.10508154674994315,0.018917745290932424,0.7899,0.005889821729050894,1.4324411153793335
TargetEncoder,0.5104081275741674,0.012497241610712884,0.025406871606946095,0.03049325703394492,0.7603,0.00830722577037606,0.4067729949951172
