,Bacc,Bacc_std,ck,ck_std,acc,acc_std,fit_time
BinaryEncoder,0.5,0.0,0.0,0.0,0.9286000000000001,0.000489897948556636,0.8756895065307617
CatBoostEncoder,0.5,0.0,0.0,0.0,0.9286000000000001,0.000489897948556636,0.5229651927947998
LeaveOneOutEncoder,0.5,0.0,0.0,0.0,0.9286000000000001,0.000489897948556636,0.4223618507385254
WOEEncoder,0.5,0.0,0.0,0.0,0.9286000000000001,0.000489897948556636,0.42212913036346433
TargetEncoder,0.49805909212642785,0.004249745641012358,-0.0063030070036559,0.014125291106872571,0.9202,0.002675817632051933,0.18883354663848878
