,Bacc,Bacc_std,ck,ck_std,acc,acc_std,fit_time
BinaryEncoder,0.522479145710261,0.016852516460878566,0.07732262926156157,0.056437881387944235,0.9394,0.002835489375751522,0.3627182960510254
CatBoostEncoder,0.5158152156207144,0.010931720707114944,0.055297664298030715,0.03768958086496146,0.9384,0.0024979991993593206,0.36951045989990233
LeaveOneOutEncoder,0.5158152156207144,0.010931720707114944,0.055297664298030715,0.03768958086496146,0.9384,0.0024979991993593206,0.3157363414764404
WOEEncoder,0.5160281513982393,0.009163202817140318,0.05674711868966063,0.03235153234449097,0.9388,0.0025612496949730967,0.33025178909301756
TargetEncoder,0.5413323936210663,0.02027182480205902,0.13847342037717103,0.06486314469176926,0.9418999999999998,0.002879236009777596,0.1061025619506836
