,Bacc,Bacc_std,ck,ck_std,acc,acc_std,fit_time
BinaryEncoder,0.7199106039087467,0.01886884755938022,0.46453421838834197,0.03369324929087915,0.8026370083816893,0.010808285525910585,0.7351431608200073
CatBoostEncoder,0.7183254596916836,0.020489487931398653,0.4621502463467929,0.03954972011288641,0.8020680206318505,0.013792323314825597,0.7231472492218017
LeaveOneOutEncoder,0.7170084419630223,0.02079307425121598,0.4600454954055529,0.03949978420748465,0.8016420857511282,0.013402715180168119,0.597880744934082
WOEEncoder,0.7185126342530759,0.019388623033595512,0.4639130553028637,0.0364170339850426,0.8033456237911025,0.012165094119113757,0.7965868711471558
TargetEncoder,0.708570148863459,0.018671996864357724,0.44914812930504294,0.03512515636627363,0.8007928352675693,0.011481729586517244,0.25799810886383057
